<?xml version="1.0" encoding="UTF-8"?>
<project-private xmlns="http://www.netbeans.org/ns/project-private/1">
    <editor-bookmarks xmlns="http://www.netbeans.org/ns/editor-bookmarks/2" lastBookmarkId="0"/>
    <open-files xmlns="http://www.netbeans.org/ns/projectui-open-files/2">
        <group>
            <file>file:/C:/wamp64/www/finalprojectmodel/success.php</file>
            <file>file:/C:/wamp64/www/finalprojectmodel/about.php</file>
            <file>file:/C:/wamp64/www/finalprojectmodel/confirm.php</file>
            <file>file:/C:/wamp64/www/finalprojectmodel/setting.php</file>
            <file>file:/C:/wamp64/www/finalprojectmodel/cart-add.php</file>
            <file>file:/C:/wamp64/www/finalprojectmodel/cart-remove.php</file>
            <file>file:/C:/wamp64/www/finalprojectmodel/model.php</file>
            <file>file:/C:/wamp64/www/finalprojectmodel/index.php</file>
            <file>file:/C:/wamp64/www/finalprojectmodel/signup_script.php</file>
            <file>file:/C:/wamp64/www/finalprojectmodel/settings_script.php</file>
            <file>file:/C:/wamp64/www/finalprojectmodel/signup.php</file>
            <file>file:/C:/wamp64/www/finalprojectmodel/login_submit.php</file>
            <file>file:/C:/wamp64/www/finalprojectmodel/logout_script.php</file>
            <file>file:/C:/wamp64/www/finalprojectmodel/check-if-added.php</file>
            <file>file:/C:/wamp64/www/finalprojectmodel/contact.php</file>
            <file>file:/C:/wamp64/www/finalprojectmodel/cart.php</file>
            <file>file:/C:/wamp64/www/finalprojectmodel/home.php</file>
        </group>
    </open-files>
</project-private>
